driverId,win_probability
815,0.5224101
822,0.4775899
